fecha,market_cap_usd,tasa_us_10y,tasa_badlar,var_liquidez_cripto_%,spread_badlar_us10y
2025-01-01,204800406636.0,4.58,39.558560584101286,,34.97856058410129
2025-01-02,204352561153.0,4.57,39.77999568977911,-0.21867411806265613,35.20999568977911
2025-01-03,206270875763.0,4.6,39.72070110336991,0.9387279509375679,35.12070110336991
2025-01-04,208007693412.0,4.6,39.72070110336991,0.8420081810267543,35.12070110336991
2025-01-05,207963449513.0,4.6,39.72070110336991,-0.021270318551325218,35.12070110336991
2025-01-06,207907894945.0,4.62,36.939118269060245,-0.02671362113395581,32.31911826906025
2025-01-07,208177840586.0,4.67,37.6502109269632,0.12983905256287454,32.980210926963196
2025-01-08,207642943556.0,4.67,38.30514081602939,-0.25694234722308806,33.63514081602939
2025-01-09,207745342194.0,4.68,38.4178767088828,0.04931476901952614,33.7378767088828
2025-01-10,207487191379.0,4.77,37.64820819971748,-0.12426310610561542,32.87820819971748
2025-01-11,207665839146.0,4.77,37.64820819971748,0.08610062424223575,32.87820819971748
2025-01-12,207559154130.0,4.77,37.64820819971748,-0.05137340664151946,32.87820819971748
2025-01-13,207860983944.0,4.79,36.48444776155509,0.14541869534261398,31.69444776155509
2025-01-14,207778990015.0,4.78,38.67000148080159,-0.03944652211503863,33.89000148080159
2025-01-15,208076643451.0,4.66,37.81589150647831,0.14325482859383065,33.15589150647831
2025-01-16,208933118522.0,4.61,38.653064292236806,0.41161518986232437,34.04306429223681
2025-01-17,209149391728.0,4.61,38.907424404231136,0.10351312780372268,34.29742440423114
2025-01-18,210867448569.0,4.61,38.907424404231136,0.8214495996404114,34.29742440423114
2025-01-19,210843748728.0,4.61,38.907424404231136,-0.01123921267167649,34.29742440423114
2025-01-20,211215049079.0,4.61,39.39436110058089,0.17610213878287428,34.78436110058089
2025-01-21,211268321809.0,4.57,39.67106343273108,0.025222033293692547,35.10106343273108
2025-01-22,213986101041.0,4.6,37.12008941103706,1.2864111423467772,32.520089411037056
2025-01-23,215291338885.0,4.65,38.265855283554096,0.6099638423478382,33.6158552835541
2025-01-24,216040458922.0,4.63,36.58899679760252,0.3479564207643948,31.95899679760252
2025-01-25,216654789862.0,4.63,36.58899679760252,0.2843592089488256,31.95899679760252
2025-01-26,216693307807.0,4.63,36.58899679760252,0.017778487622877037,31.95899679760252
2025-01-27,216655464886.0,4.53,40.66975083926563,-0.017463816203178162,36.13975083926563
2025-01-28,216867338887.0,4.55,39.70463469515933,0.09779305641401947,35.15463469515933
2025-01-29,217324321254.0,4.55,38.48250177562538,0.21071977428472888,33.93250177562538
2025-01-30,217535343706.0,4.52,36.881479417455054,0.09710024666469419,32.36147941745506
2025-01-31,218194949323.0,4.58,39.319458992872136,0.30321767753356266,34.73945899287214
2025-02-01,218393686940.0,4.58,39.319458992872136,0.09108259270740326,34.73945899287214
2025-02-02,218476699606.0,4.58,39.319458992872136,0.03801056118568624,34.73945899287214
2025-02-03,218525962937.0,4.54,39.65992282263217,0.022548551442258535,35.11992282263217
2025-02-04,219305561477.0,4.52,39.89926156398965,0.35675327980353444,35.379261563989644
2025-02-05,221982517199.0,4.43,37.83717573892831,1.2206510879026355,33.40717573892831
2025-02-06,223305049009.0,4.45,38.956567905569365,0.5957819681873477,34.50656790556936
2025-02-07,223749514581.0,4.49,38.04101658857226,0.1990396428439345,33.55101658857226
2025-02-08,224881193886.0,4.49,38.04101658857226,0.5057795576089763,33.55101658857226
2025-02-09,224962817849.0,4.49,38.04101658857226,0.03629648241789685,33.55101658857226
2025-02-10,225101861821.0,4.51,38.13362543497372,0.06180753483151502,33.623625434973725
2025-02-11,225271231196.0,4.54,41.235407061822215,0.07524121463493572,36.695407061822216
2025-02-12,225312403473.0,4.62,39.17265457676133,0.018276757658486353,34.552654576761334
2025-02-13,225551977618.0,4.52,36.75163701158454,0.10632976316757858,32.23163701158454
2025-02-14,225733095533.0,4.47,38.69261219200222,0.08029985678368323,34.222612192002224
2025-02-15,226056014823.0,4.47,38.69261219200222,0.1430535869086924,34.222612192002224
2025-02-16,226199099626.0,4.47,38.69261219200222,0.0632961715758995,34.222612192002224
2025-02-17,226418840003.0,4.47,39.64513787812946,0.09714467359211998,35.17513787812946
2025-02-18,226142253227.0,4.55,38.89497911884841,-0.12215713851212451,34.344979118848414
2025-02-19,226051735441.0,4.53,37.36079282927412,-0.040026923190306096,32.83079282927412
2025-02-20,226862830706.0,4.5,38.47256506648501,0.35880957225020715,33.97256506648501
2025-02-21,226777388215.0,4.42,37.58296386202316,-0.037662622270073776,33.16296386202316
2025-02-22,227473664329.0,4.42,37.58296386202316,0.3070306609845419,33.16296386202316
2025-02-23,227252173331.0,4.42,37.58296386202316,-0.09736995210120059,33.16296386202316
2025-02-24,227402691238.0,4.4,38.28976466986436,0.06623386909516693,33.88976466986436
2025-02-25,226800563389.0,4.3,36.919816275668666,-0.2647848386146845,32.61981627566867
2025-02-26,225685967900.0,4.25,38.61200761509396,-0.4914429983528201,34.36200761509396
2025-02-27,225104028555.0,4.29,39.41232813236401,-0.257853578764744,35.12232813236401
2025-02-28,225087960049.0,4.24,38.7636083458088,-0.007138257854888419,34.523608345808796
2025-03-01,225961151181.0,4.24,38.7636083458088,0.3879332914163536,34.523608345808796
2025-03-02,225250448643.0,4.24,38.7636083458088,-0.3145242154615868,34.523608345808796
2025-03-03,225230480255.0,4.16,38.51947260601966,-0.008864971466338023,34.359472606019665
2025-03-04,225367026341.0,4.22,38.417828810454665,0.06062504766024546,34.197828810454666
2025-03-05,225911855807.0,4.28,37.968946638028655,0.24175207653298614,33.68894663802865
2025-03-06,226907418964.0,4.29,38.78608735856955,0.44068654716844513,34.496087358569554
2025-03-07,226989277442.0,4.32,39.09156710131465,0.036075716860084484,34.77156710131465
2025-03-08,228084307529.0,4.32,39.09156710131465,0.4824148961308561,34.77156710131465
2025-03-09,228169797106.0,4.32,39.09156710131465,0.03748156895411192,34.77156710131465
2025-03-10,228057375637.0,4.22,39.46148794286153,-0.04927096856196522,35.24148794286153
2025-03-11,227667014275.0,4.28,38.81635860410779,-0.1711680496671808,34.53635860410779
2025-03-12,228444740249.0,4.32,36.789999340994136,0.3416067876484741,32.469999340994136
2025-03-13,228835317944.0,4.27,39.83437030270351,0.17097250502431383,35.56437030270351
2025-03-14,229026333322.0,4.31,39.254868457919,0.08347285712546615,34.944868457919
2025-03-15,229809301113.0,4.31,39.254868457919,0.3418680199971602,34.944868457919
2025-03-16,229953205178.0,4.31,39.254868457919,0.0626189037184588,34.944868457919
2025-03-17,229914463996.0,4.31,40.21977929362356,-0.016847419878318615,35.90977929362356
2025-03-18,230102891031.0,4.29,38.53286963213635,0.08195527663856783,34.24286963213635
2025-03-19,230430172081.0,4.25,36.88298090395556,0.1422324806670483,32.63298090395556
2025-03-20,231014403224.0,4.24,37.34416055351239,0.25353934240635034,33.104160553512386
2025-03-21,230895047724.0,4.25,39.28891068864026,-0.051665826171132245,35.03891068864026
2025-03-22,231680910254.0,4.25,39.28891068864026,0.3403548658780231,35.03891068864026
2025-03-23,232627392625.0,4.25,39.28891068864026,0.40852842384051513,35.03891068864026
2025-03-24,232978695846.0,4.34,35.63815533178004,0.15101541440836197,31.29815533178004
2025-03-25,233992652045.0,4.31,37.74969978779215,0.4352141277630839,33.43969978779215
2025-03-26,235096513651.0,4.35,38.50953869671788,0.471750542742555,34.15953869671788
2025-03-27,235228467200.0,4.38,39.05729915312617,0.05612739506459796,34.67729915312617
2025-03-28,234591849581.0,4.27,39.83286303803734,-0.27063799997417703,35.562863038037335
2025-03-29,234013830536.0,4.27,39.83286303803734,-0.24639348981321252,35.562863038037335
2025-03-30,234254597807.0,4.27,39.83286303803734,0.10288591509677314,35.562863038037335
2025-03-31,234203740057.0,4.23,38.44575994855589,-0.021710459677681815,34.215759948555885
2025-04-01,234402971596.0,4.17,38.7594984194649,0.08506761632052218,34.589498419464896
2025-04-02,234612712906.0,4.2,38.01414828171835,0.08947894669248946,33.814148281718346
2025-04-03,235008076385.0,4.06,39.30774299007397,0.1685175002253292,35.24774299007397
2025-04-04,235139130641.0,4.01,39.28633272636888,0.055765851972378044,35.276332726368885
2025-04-05,234650242948.0,4.01,39.28633272636888,-0.2079142215365315,35.276332726368885
2025-04-06,234349556721.0,4.01,39.28633272636888,-0.12814230372079072,35.276332726368885
2025-04-07,233895396193.0,4.15,38.3453852996833,-0.1937961967389934,34.1953852996833
2025-04-08,233512923224.0,4.26,38.01827559348817,-0.16352308562943563,33.75827559348817
2025-04-09,233134605158.0,4.34,37.84700964604774,-0.16201161836216782,33.507009646047734
2025-04-10,233253831825.0,4.4,37.89861692516621,0.051140699133522816,33.49861692516621
2025-04-11,233097212169.0,4.48,36.84354329500262,-0.06714558760925193,32.363543295002614
2025-04-12,232966746113.0,4.48,36.84354329500262,-0.05597066339232404,32.363543295002614
2025-04-13,233328272061.0,4.48,36.84354329500262,0.15518349894652061,32.363543295002614
2025-04-14,233126476930.0,4.38,38.16323639705835,-0.08648550354294349,33.783236397058346
2025-04-15,233086671939.0,4.35,38.20034655007835,-0.017074418797979884,33.85034655007835
2025-04-16,233533617271.0,4.29,39.490325994501546,0.19175070298182995,35.20032599450155
2025-04-17,233709218722.0,4.34,38.28953318442957,0.07519322188043187,33.94953318442957
2025-04-18,234224403912.0,4.34,40.16718235670084,0.22043854017279596,35.827182356700845
2025-04-19,233690402739.0,4.34,40.16718235670084,-0.22798699199619854,35.827182356700845
2025-04-20,233740482710.0,4.34,40.16718235670084,0.021430050362791775,35.827182356700845
2025-04-21,233918325438.0,4.42,38.12372027892407,0.07608554835605297,33.70372027892407
2025-04-22,234087232697.0,4.41,38.77409385448278,0.07220779247787412,34.364093854482775
2025-04-23,235288586554.0,4.4,38.30784293732065,0.5132077658225098,33.90784293732065
2025-04-24,235810579235.0,4.32,37.67586579736456,0.22185210453469217,33.35586579736456
2025-04-25,236865313104.0,4.29,37.92106791529479,0.4472801315452912,33.63106791529479
2025-04-26,237491058483.0,4.29,37.92106791529479,0.26417771804572165,33.63106791529479
2025-04-27,238124002235.0,4.29,37.92106791529479,0.26651266622119696,33.63106791529479
2025-04-28,238843525984.0,4.23,38.840225247270695,0.30216347039637714,34.61022524727069
2025-04-29,239542721662.0,4.19,38.25631209050667,0.2927421520509732,34.06631209050667
2025-04-30,241010780299.0,4.17,36.554339520897074,0.6128587947963116,32.38433952089707
2025-05-01,241273396701.0,4.25,41.10484761987523,0.10896458725795366,36.85484761987523
2025-05-02,241425541566.0,4.33,39.04015735334304,0.06305911347057602,34.71015735334304
2025-05-03,241840435914.0,4.33,39.04015735334304,0.1718518866350216,34.71015735334304
2025-05-04,242214669627.0,4.33,39.04015735334304,0.1547440615485396,34.71015735334304
2025-05-05,242180305178.0,4.36,38.72152612527528,-0.014187600219639496,34.36152612527528
2025-05-06,242060987388.0,4.3,38.01163688485468,-0.049268164028570816,33.711636884854684
2025-05-07,241286543589.0,4.26,38.52062679747826,-0.31993747003875583,34.26062679747826
2025-05-08,241424538250.0,4.37,41.07913611404553,0.057191196387251786,36.709136114045535
2025-05-09,242061740178.0,4.37,39.303416240371966,0.26393420180850224,34.93341624037197
2025-05-10,241944045692.0,4.37,39.303416240371966,-0.0486216805321904,34.93341624037197
2025-05-11,242163036475.0,4.37,39.303416240371966,0.09051298715521128,34.93341624037197
2025-05-12,242170780308.0,4.45,37.88916466703871,0.0031977766354218673,33.43916466703871
2025-05-13,241631142006.0,4.49,37.08924602141596,-0.22283377925019776,32.59924602141596
2025-05-14,241484511028.0,4.53,39.56430602768319,-0.060683807882822016,35.034306027683186
2025-05-15,241897505693.0,4.45,36.06576549848363,0.17102325248186112,31.61576549848363
2025-05-16,242457414694.0,4.43,38.324853602258095,0.2314653883660034,33.894853602258095
2025-05-17,243000049798.0,4.43,38.324853602258095,0.2238063557201686,33.894853602258095
2025-05-18,243057813733.0,4.43,38.324853602258095,0.023771161795238527,33.894853602258095
2025-05-19,243205062616.0,4.46,39.20649407497423,0.060581834724215966,34.74649407497423
2025-05-20,243143209035.0,4.48,38.21240367975957,-0.025432686447679487,33.73240367975957
2025-05-21,243463816614.0,4.58,37.55583468379545,0.13185956550973987,32.975834683795455
2025-05-22,244488565383.0,4.54,39.21949594418832,0.42090392866249715,34.67949594418832
2025-05-23,245009525715.0,4.51,37.72782351690581,0.21308167569469294,33.21782351690581
2025-05-24,245332588188.0,4.51,37.72782351690581,0.1318571072113306,33.21782351690581
2025-05-25,245626842516.0,4.51,37.72782351690581,0.11994098712011514,33.21782351690581
2025-05-26,245636295101.0,4.51,37.4590541629912,0.003848351793789284,32.9490541629912
2025-05-27,245875808011.0,4.43,39.57889952251596,0.0975071334232247,35.14889952251596
2025-05-28,245650015592.0,4.47,38.283359748485765,-0.09183189709737194,33.813359748485766
2025-05-29,245646159870.0,4.43,37.51714465086239,-0.0015695997375386739,33.08714465086239
2025-05-30,245823345399.0,4.41,39.78825611479186,0.07213038831699325,35.37825611479185
2025-05-31,245978576263.0,4.41,39.78825611479186,0.06314732384267163,35.37825611479185
2025-06-01,246104995024.0,4.41,39.78825611479186,0.05139421608197914,35.37825611479185
2025-06-02,246357402802.0,4.46,39.50848978055684,0.10256101383694372,35.04848978055684
2025-06-03,246989681504.0,4.46,38.83781739840691,0.25665098544174203,34.37781739840691
2025-06-04,247676937900.0,4.37,36.76256378787674,0.27825307997284554,32.392563787876746
2025-06-05,248083355185.0,4.4,37.29987914669422,0.16409169478834862,32.89987914669422
2025-06-06,247871631646.0,4.51,41.53047032230494,-0.08534370991641893,37.020470322304945
2025-06-07,248537191481.0,4.51,41.53047032230494,0.26850988577447055,37.020470322304945
2025-06-08,248874175747.0,4.51,41.53047032230494,0.1355870580141083,37.020470322304945
2025-06-09,248887838274.0,4.49,39.80311324541893,0.005489732696850602,35.313113245418926
2025-06-10,249238260288.0,4.47,38.53312962590193,0.14079515352383165,34.06312962590193
2025-06-11,248979557794.0,4.41,40.92858116676365,-0.10379726359069918,36.51858116676365
2025-06-12,249541879869.0,4.36,39.9179443271133,0.22585070034755184,35.5579443271133
2025-06-13,249494625283.0,4.41,37.97974997050201,-0.01893653523200589,33.569749970502016
2025-06-14,250301253003.0,4.41,37.97974997050201,0.3233046479799162,33.569749970502016
2025-06-15,250221802501.0,4.41,37.97974997050201,-0.0317419513673145,33.569749970502016
2025-06-16,250168777492.0,4.46,40.20663510724787,-0.0211912025530947,35.74663510724787
2025-06-17,250078565049.0,4.39,37.97098446993241,-0.03606063230767731,33.58098446993241
2025-06-18,250258514482.0,4.38,39.25672252193431,0.07195715992882601,34.876722521934305
2025-06-19,250293562584.0,4.38,37.61455909266798,0.014004759067853811,33.23455909266798
2025-06-20,250182938865.0,4.38,38.772856905826174,-0.04419758856677447,34.39285690582617
2025-06-21,249967251300.0,4.38,38.772856905826174,-0.08621193994222676,34.39285690582617
2025-06-22,249956106810.0,4.38,38.772856905826174,-0.004458380024596753,34.39285690582617
2025-06-23,250134293383.0,4.34,39.47203458455505,0.07128714528084057,35.13203458455504
2025-06-24,249584459697.0,4.3,37.407797468457325,-0.21981539538766803,33.10779746845733
2025-06-25,251352320182.0,4.29,37.11670338587841,0.7083215385870645,32.82670338587841
2025-06-26,251175614458.0,4.26,38.8136267530039,-0.07030200631211736,34.553626753003904
2025-06-27,251341851775.0,4.29,35.672736466869985,0.06618370073812052,31.382736466869986
2025-06-28,251658172384.0,4.29,35.672736466869985,0.1258527407059784,31.382736466869986
2025-06-29,251986039955.0,4.29,35.672736466869985,0.13028290235681528,31.382736466869986
2025-06-30,251981259025.0,4.24,37.745121845678405,-0.0018972995491584044,33.5051218456784
2025-07-01,252254042408.0,4.26,40.26473945191968,0.10825542504846464,36.00473945191968
2025-07-02,252518088474.0,4.3,37.91366440907776,0.1046746618922123,33.613664409077764
2025-07-03,252916010780.0,4.35,37.91119474385815,0.15758170371267255,33.561194743858145
2025-07-04,253221792568.0,4.35,38.29288129614861,0.12090250318947948,33.942881296148606
2025-07-05,253373538411.0,4.35,38.29288129614861,0.05992605986282484,33.942881296148606
2025-07-06,253601986924.0,4.35,38.29288129614861,0.09016273539561581,33.942881296148606
2025-07-07,253632602362.0,4.4,37.23846113937846,0.012072239011740038,32.83846113937846
2025-07-08,253809559807.0,4.42,37.425176264642616,0.06976920291479338,33.005176264642614
2025-07-09,253740783483.0,4.34,36.28347742539905,-0.027097609740267536,31.94347742539905
2025-07-10,254206638802.0,4.35,37.90789508229256,0.18359497145290504,33.55789508229256
2025-07-11,255356000389.0,4.43,37.84016149298232,0.4521367311320468,33.41016149298232
2025-07-12,256309638099.0,4.43,37.84016149298232,0.37345420062471213,33.41016149298232
2025-07-13,256581578591.0,4.43,37.84016149298232,0.10609842611339904,33.41016149298232
2025-07-14,256738779975.0,4.43,39.58323185846481,0.06126760341222948,35.153231858464814
2025-07-15,256379446769.0,4.5,36.77409253061998,-0.13996062692008815,32.27409253061998
2025-07-16,255354974941.0,4.46,39.1705077969672,-0.3995920269392994,34.7105077969672
2025-07-17,258049040472.0,4.47,37.99789528690916,1.055027626394378,33.527895286909164
2025-07-18,258850271641.0,4.44,39.8792190584341,0.31049569784660225,35.439219058434105
2025-07-19,259312630117.0,4.44,39.8792190584341,0.17862004666591158,35.439219058434105
2025-07-20,259666837715.0,4.44,39.8792190584341,0.13659481138277307,35.439219058434105
2025-07-21,260043573930.0,4.38,37.4903532302722,0.14508445449374907,33.110353230272196
2025-07-22,260496616024.0,4.35,38.80760475734267,0.1742177617209517,34.45760475734267
2025-07-23,260984141949.0,4.4,39.58564572700599,0.18715249834764247,35.18564572700599
2025-07-24,261993148918.0,4.43,36.540945903279976,0.3866161987716277,32.110945903279976
2025-07-25,263136953970.0,4.4,40.79126919328935,0.4365782298979104,36.391269193289354
2025-07-26,262937049456.0,4.4,40.79126919328935,-0.0759697606071641,36.391269193289354
2025-07-27,263546934062.0,4.4,40.79126919328935,0.23195080619555775,36.391269193289354
2025-07-28,263901390163.0,4.42,40.20396621318319,0.13449448852880241,35.78396621318319
2025-07-29,263861729558.0,4.34,39.756325820334666,-0.015028569942543424,35.41632582033466
2025-07-30,263916095124.0,4.38,39.074342778116346,0.02060380870354539,34.694342778116344
2025-07-31,264557735385.0,4.37,39.79815136271789,0.24312282306939714,35.42815136271789
2025-08-01,265092823697.0,4.23,35.961396108669256,0.20225767022887808,31.731396108669255
2025-08-02,265357445884.0,4.23,35.961396108669256,0.09982246343358536,31.731396108669255
2025-08-03,265363956566.0,4.23,35.961396108669256,0.0024535516530477253,31.731396108669255
2025-08-04,265919480359.0,4.22,37.11684212499223,0.20934410241273405,32.89684212499223
2025-08-05,266412938714.0,4.22,39.42076221400284,0.18556683185970702,35.20076221400284
2025-08-06,266565155662.0,4.22,37.62438262548629,0.057135718983758466,33.40438262548629
2025-08-07,266689116530.0,4.23,39.17034684918453,0.046503027633959526,34.940346849184536
2025-08-08,267619840150.0,4.27,36.95544502501056,0.3489919769168015,32.685445025010566
2025-08-09,268214485385.0,4.27,36.95544502501056,0.2221977394003094,32.685445025010566
2025-08-10,268937137462.0,4.27,36.95544502501056,0.26943066701363705,32.685445025010566
2025-08-11,268316344514.0,4.27,40.55124027321498,-0.23083199064974913,36.281240273214976
2025-08-12,269050046931.0,4.29,39.79012011089971,0.273446784737974,35.50012011089971
2025-08-13,269916103592.0,4.24,38.26640149312944,0.32189426126436604,34.02640149312944
2025-08-14,271559868004.0,4.29,40.36491927120694,0.6089908642445074,36.07491927120694
2025-08-15,273207826642.0,4.33,40.16368725986175,0.6068491084904037,35.833687259861755
2025-08-16,274727941421.0,4.33,40.16368725986175,0.5563950336576085,35.833687259861755
2025-08-17,274685300022.0,4.33,40.16368725986175,-0.015521318574096554,35.833687259861755
2025-08-18,275503550108.0,4.34,38.72202940152432,0.2978863761309736,34.38202940152432
2025-08-19,275525087430.0,4.3,41.08545505227767,0.007817439009971672,36.785455052277676
2025-08-20,275483238732.0,4.29,38.48968472807082,-0.015188706912450112,34.19968472807082
2025-08-21,275885123200.0,4.33,36.309232217921405,0.14588345550523574,31.979232217921407
2025-08-22,274766842070.0,4.26,38.20175819341266,-0.4053430344590603,33.94175819341266
2025-08-23,274670593540.0,4.26,38.20175819341266,-0.03502916482749363,33.94175819341266
2025-08-24,276010436080.0,4.26,38.20175819341266,0.48779977599053836,33.94175819341266
2025-08-25,276081252682.0,4.28,39.9633710256187,0.02565721898264428,35.6833710256187
2025-08-26,277936584490.0,4.26,39.11475130869108,0.6720238299327885,34.854751308691085
2025-08-27,278214605075.0,4.24,39.257611311517344,0.10003022290503427,35.01761131151734
2025-08-28,278755409692.0,4.22,39.14518975440601,0.19438397810001007,34.92518975440601
2025-08-29,281126969967.0,4.23,40.063580572869945,0.8507674443413826,35.83358057286995
2025-08-30,281300169945.0,4.23,40.063580572869945,0.06160916472024436,35.83358057286995
2025-08-31,281662424982.0,4.23,40.063580572869945,0.12877881910657862,35.83358057286995
2025-09-01,282404371290.0,4.23,37.54238208090826,0.263416857270693,33.312382080908264
2025-09-02,282402323614.0,4.28,40.93099039001392,-0.0007250865100449921,36.65099039001392
2025-09-03,281554437284.0,4.22,40.77142665665216,-0.3002405642946959,36.55142665665216
2025-09-04,283410271970.0,4.17,38.81181603383284,0.6591388521176356,34.64181603383284
2025-09-05,286035823015.0,4.1,37.41201790393623,0.9264135088504988,33.31201790393623
2025-09-06,284482437157.0,4.1,37.41201790393623,-0.5430738855106809,33.31201790393623
2025-09-07,284542897470.0,4.1,37.41201790393623,0.0212527401003193,33.31201790393623
2025-09-08,284309600540.0,4.05,37.02915109726519,-0.08199007322774454,32.979151097265195
2025-09-09,284470258148.0,4.08,37.74753135512334,0.056507978518793855,33.667531355123344
2025-09-10,284971387102.0,4.04,38.01513438255454,0.17616216094522574,33.97513438255454
2025-09-11,285084724014.0,4.01,38.78504271172959,0.039771330431648266,34.77504271172959
2025-09-12,285878810507.0,4.06,38.14501264147014,0.2785440348466395,34.085012641470136
2025-09-13,287259893129.0,4.06,38.14501264147014,0.48310073053356994,34.085012641470136
2025-09-14,287971736677.0,4.06,38.14501264147014,0.24780471100445123,34.085012641470136
2025-09-15,288000383920.0,4.05,38.21027683078205,0.009947935630960636,34.16027683078205
2025-09-16,288305619800.0,4.04,38.96585056298196,0.1059845392722858,34.925850562981964
2025-09-17,289103098543.0,4.06,38.00486816945469,0.27660880962125933,33.944868169454686
2025-09-18,289298179453.0,4.11,37.83871008668562,0.06747797273123357,33.72871008668562
2025-09-19,290415323496.0,4.14,38.59069605288719,0.38615661014953506,34.45069605288719
2025-09-20,291204137091.0,4.14,38.59069605288719,0.27161569351930037,34.45069605288719
2025-09-21,291413558874.0,4.14,38.59069605288719,0.07191579937428916,34.45069605288719
2025-09-22,291409284716.0,4.15,36.7021109594652,-0.0014666983981559412,32.5521109594652
2025-09-23,292284020132.0,4.12,38.07486622524032,0.3001741749074638,33.95486622524032
2025-09-24,293110655644.0,4.16,39.24674757542757,0.2828192631354476,35.086747575427566
2025-09-25,293909164554.0,4.18,39.12320638179955,0.27242575274022407,34.94320638179955
2025-09-26,294064775768.0,4.2,37.372391767788194,0.05294534256397032,33.17239176778819
2025-09-27,294802355221.0,4.2,37.372391767788194,0.25082210240028324,33.17239176778819
2025-09-28,294999808376.0,4.2,37.372391767788194,0.06697814705447502,33.17239176778819
2025-09-29,295239000684.0,4.15,39.63040169096161,0.08108219097386904,35.480401690961614
2025-09-30,296051526810.0,4.16,38.80973234033322,0.2752096180103525,34.649732340333216
2025-10-01,297474600277.0,4.12,39.51113560126319,0.48068438705040073,35.391135601263194
2025-10-02,298375317178.0,4.1,37.494404219277534,0.3027878347130475,33.39440421927753
2025-10-03,299559077393.0,4.13,37.29292508879856,0.3967353017655384,33.16292508879856
2025-10-04,301086295007.0,4.13,37.29292508879856,0.5098218445894087,33.16292508879856
2025-10-05,301613369081.0,4.13,37.29292508879856,0.17505747778647773,33.16292508879856
2025-10-06,301147574971.0,4.18,39.197791259338935,-0.15443417227135603,35.017791259338935
2025-10-07,301821009761.0,4.14,37.81088445231006,0.22362285004779991,33.67088445231006
2025-10-08,302614528563.0,4.13,38.86180302235009,0.2629103926954368,34.731803022350086
2025-10-09,302630848537.0,4.14,39.08632880667768,0.005392990904140582,34.94632880667768
2025-10-10,302852872878.0,4.05,39.58534524017846,0.07336474192016773,35.535345240178465
2025-10-11,303181026137.0,4.05,39.58534524017846,0.10835401886122309,35.535345240178465
2025-10-12,302742651305.0,4.05,39.58534524017846,-0.14459177659815747,35.535345240178465
2025-10-13,302799233388.0,4.05,37.602471232976576,0.018689828722884272,33.55247123297658
2025-10-14,303686185891.0,4.03,39.32730121876026,0.29291768445909305,35.29730121876026
2025-10-15,304918955407.0,4.05,39.697125103371285,0.40593532839932056,35.64712510337129
2025-10-16,305734378424.0,3.99,39.46267568949791,0.26742286845091723,35.472675689497905
2025-10-17,305803381780.0,4.02,36.20680661863387,0.02256970784761947,32.18680661863387
2025-10-18,306073880586.0,4.02,36.20680661863387,0.0884551388625976,32.18680661863387
2025-10-19,306099678921.0,4.02,36.20680661863387,0.0084287933849847,32.18680661863387
2025-10-20,306375318223.0,4.0,40.2962845831649,0.09004887001895501,36.2962845831649
2025-10-21,306334300116.0,3.98,38.30171695104783,-0.013388189113239246,34.32171695104783
2025-10-22,307367893746.0,3.97,38.48683475746749,0.33740708422420607,34.51683475746749
2025-10-23,306771663388.0,4.01,38.30657364437922,-0.19397938761056555,34.29657364437922
2025-10-24,306966910881.0,4.02,39.960065118163975,0.06364586964899832,35.94006511816397
2025-10-25,307591238218.0,4.02,39.960065118163975,0.20338587478636594,35.94006511816397
2025-10-26,307350558383.0,4.02,39.960065118163975,-0.07824664850479834,35.94006511816397
2025-10-27,307209247509.0,4.01,38.56670040059346,-0.04597710013720668,34.55670040059346
2025-10-28,306858277797.0,3.99,38.57787277159927,-0.1142445140717041,34.587872771599265
2025-10-29,307040344040.0,4.08,38.02619440659158,0.05933235508819301,33.94619440659158
2025-10-30,306317157048.0,4.11,37.48340184216037,-0.23553484290839144,33.37340184216037
2025-10-31,305936039561.0,4.11,39.17438946468271,-0.12441924268064009,35.06438946468271
2025-11-01,305964396563.0,4.11,39.17438946468271,0.009268931519379464,35.06438946468271
2025-11-02,306116686148.0,4.11,39.17438946468271,0.04977362945188801,35.06438946468271
2025-11-03,305863505596.0,4.13,39.956224156613246,-0.08270720397044462,35.82622415661324
2025-11-04,305813544622.0,4.1,40.486286645598426,-0.016334401811890498,36.386286645598425
2025-11-05,304641129901.0,4.17,35.630580003035874,-0.3833756684809897,31.460580003035872
2025-11-06,304479245789.0,4.11,38.33462680339125,-0.0531392829499433,34.22462680339125
2025-11-07,303828988078.0,4.11,38.29117361228896,-0.2135638865351841,34.18117361228896
2025-11-08,304175330888.0,4.11,38.29117361228896,0.11399268127472162,34.18117361228896
2025-11-09,303638435833.0,4.11,38.29117361228896,-0.17650841487789615,34.18117361228896
2025-11-10,303579849048.0,4.13,39.55422233960525,-0.01929491727200583,35.42422233960525
2025-11-11,303791032165.0,4.13,36.9863657262068,0.0695642736704194,32.856365726206796
2025-11-12,304155849035.0,4.08,37.729682491307294,0.12008809720289726,33.649682491307296
2025-11-13,304195559172.0,4.11,38.697455717360114,0.013055851835819254,34.587455717360115
2025-11-14,303652705002.0,4.14,37.3659201695648,-0.1784556525011749,33.2259201695648
2025-11-15,302970474279.0,4.14,37.3659201695648,-0.22467467332309976,33.2259201695648
2025-11-16,302850126150.0,4.14,37.3659201695648,-0.039722725221458255,33.2259201695648
2025-11-17,302507858977.0,4.13,36.90181159253737,-0.11301536418395486,32.77181159253737
2025-11-18,302135471451.0,4.12,40.25523638010974,-0.12310011622815864,36.135236380109745
2025-11-19,301995870151.0,4.13,40.74885972877807,-0.04620486940165591,36.61885972877807
2025-11-20,301775269883.0,4.1,37.75815379452978,-0.07304744528119356,33.65815379452978
2025-11-21,301718482604.0,4.06,38.78747929849974,-0.018817737789456057,34.72747929849974
2025-11-22,301437081161.0,4.06,38.78747929849974,-0.09326622637477744,34.72747929849974
2025-11-23,301617941012.0,4.06,38.78747929849974,0.05999920457808727,34.72747929849974
2025-11-24,301376576419.0,4.04,37.4624636519733,-0.08002328780249979,33.4224636519733
2025-11-25,302689862302.0,4.01,39.22334915765772,0.43576242673024623,35.213349157657724
2025-11-26,303253921090.0,4.0,37.1127155252301,0.18634875436867038,33.1127155252301
2025-11-27,304078270709.0,4.0,38.49602776067698,0.27183477662449107,34.49602776067698
2025-11-28,304503947715.0,4.02,37.86472972572808,0.13998928795782017,33.84472972572809
2025-11-29,305061523517.0,4.02,37.86472972572808,0.18310954790046186,33.84472972572809
2025-11-30,305225435426.0,4.02,37.86472972572808,0.05373077112782454,33.84472972572809
2025-12-01,304917299321.0,4.09,38.03835128479042,-0.10095361304667261,33.94835128479042
2025-12-02,305766657819.0,4.09,40.756473217249216,0.2785537258434889,36.66647321724922
2025-12-03,306550227147.0,4.06,40.41966410854956,0.25626382339694054,36.35966410854956
2025-12-04,306501594456.0,4.11,36.80295503291358,-0.015864509856222675,32.69295503291358
2025-12-05,307013395553.0,4.14,39.67623502838556,0.1669815447154166,35.53623502838556
2025-12-06,307216461767.0,4.14,39.67623502838556,0.06614246053799899,35.53623502838556
2025-12-07,307170872366.0,4.14,39.67623502838556,-0.014839504607855325,35.53623502838556
2025-12-08,307365432754.0,4.17,37.36695063435269,0.06333946526289047,33.19695063435269
2025-12-09,307718314850.0,4.18,39.33034233529678,0.11480864742601238,35.15034233529678
2025-12-10,307878596200.0,4.13,37.01409573905759,0.052087036183778856,32.884095739057585
2025-12-11,307979598889.0,4.14,37.47682189701648,0.032806011930230916,33.33682189701648
2025-12-12,308951664862.0,4.19,38.90764791569095,0.31562674167595617,34.717647915690954
2025-12-13,309028089667.0,4.19,38.90764791569095,0.024736816043424703,34.717647915690954
2025-12-14,308909328506.0,4.19,38.90764791569095,-0.03843053915518757,34.717647915690954
2025-12-15,308609460040.0,4.18,39.83513405005074,-0.09707329573058754,35.65513405005074
2025-12-16,308395860733.0,4.15,37.97205776517142,-0.06921346707009501,33.82205776517142
2025-12-17,308385407794.0,4.16,39.411020592949264,-0.0033894550254820466,35.25102059294926
2025-12-18,308316552736.0,4.12,37.854927742855146,-0.022327599250737684,33.73492774285515
2025-12-19,307768212358.0,4.16,39.311732795386106,-0.17784980181376753,35.15173279538611
2025-12-20,308259874261.0,4.16,39.311732795386106,0.15975070954634685,35.15173279538611
2025-12-21,309331698393.0,4.16,39.311732795386106,0.34770147576603794,35.15173279538611
2025-12-22,308100482946.0,4.17,38.53220935938287,-0.3980243387264437,34.36220935938287
2025-12-23,308189565734.0,4.18,38.60960140720564,0.028913550263931498,34.42960140720564
2025-12-24,307797505219.0,4.15,41.294042321966906,-0.1272140781490294,37.14404232196691
2025-12-25,307292227985.0,4.15,40.61245799123955,-0.16415897641551824,36.46245799123955
2025-12-26,307461816754.0,4.14,38.58489452526676,0.055188108762793675,34.44489452526676
2025-12-27,307392668935.0,4.14,38.58489452526676,-0.02248988825019893,34.44489452526676
2025-12-28,307271905089.0,4.14,38.58489452526676,-0.03928650817158763,34.44489452526676
2025-12-29,307116507825.0,4.12,40.06804438332281,-0.05057320940389243,35.94804438332281
2025-12-30,306997859490.0,4.14,37.51822506689297,-0.038633004731747356,33.378225066892966
2025-12-31,306661529478.0,4.18,37.944725807853125,-0.10955451368902525,33.764725807853125
2026-01-01,305918486001.0,4.18,39.77211267744156,-0.2423008449298547,35.59211267744156
2026-01-02,305947738296.0,4.19,38.7636679568246,0.009562120740858049,34.5736679568246
2026-01-03,306728661822.0,4.19,38.7636679568246,0.2552473603333105,34.5736679568246
2026-01-04,306625769142.0,4.19,38.7636679568246,-0.03354517943932045,34.5736679568246
2026-01-05,306966275955.0,4.17,37.67812149175354,0.1110496400719363,33.508121491753535
2026-01-06,307516239089.0,4.18,37.77935080995685,0.17916076685915439,33.59935080995685
2026-01-07,307093052478.0,4.15,39.427779245130985,-0.1376143946913766,35.277779245130986
2026-01-08,306835741530.0,4.19,38.12909092412818,-0.08378924431005075,33.93909092412818
2026-01-09,306478333516.0,4.18,39.48681846334918,-0.1164818714462057,35.30681846334918
2026-01-10,306796599653.0,4.18,39.48681846334918,0.10384621103514124,35.30681846334918
2026-01-11,306657570177.0,4.18,39.48681846334918,-0.04531649834360607,35.30681846334918
2026-01-12,306657725856.0,4.19,38.98527971592,5.076639715273501e-05,34.79527971592
2026-01-13,306118860970.0,4.18,38.386607697651314,-0.17572193379306045,34.206607697651314
2026-01-14,307633929751.0,4.15,37.42204046152533,0.49492826943076107,33.27204046152533
2026-01-15,308538235246.0,4.17,37.78061549842964,0.29395505747105144,33.61061549842964
2026-01-16,309403751027.0,4.24,38.838971034327024,0.2805214012810753,34.59897103432702
2026-01-17,309974702522.0,4.24,38.838971034327024,0.18453282906392143,34.59897103432702
2026-01-18,310256575678.0,4.24,38.838971034327024,0.09093424518409332,34.59897103432702
2026-01-19,310072150521.0,4.24,36.40573774053768,-0.05944278750481535,32.16573774053768
2026-01-20,309868486136.0,4.3,39.22886732402547,-0.0656829014336835,34.928867324025475
2026-01-21,308173391931.0,4.26,38.88588418372317,-0.5470366561432183,34.62588418372317
2026-01-22,307646494550.0,4.26,41.38984526678142,-0.17097432640063026,37.12984526678142
2026-01-23,307354091568.0,4.24,37.35625043835093,-0.0950451206758296,33.11625043835093
2026-01-24,307765264261.0,4.24,37.35625043835093,0.13377817451603047,33.11625043835093
2026-01-25,307740915590.0,4.24,37.35625043835093,-0.007911442202046537,33.11625043835093
2026-01-26,307686134442.0,4.22,38.59914239587384,-0.01780106096551659,34.37914239587384
2026-01-27,307124760223.0,4.24,37.20253210002589,-0.18245028168658584,32.96253210002589
2026-01-28,307059338862.0,4.26,36.48142240870596,-0.021301233073001136,32.22142240870596
2026-01-29,306746948022.0,4.24,38.1711899185404,-0.10173630971712644,33.9311899185404
2026-01-30,305422453438.0,4.26,35.937759332932295,-0.43178737149326407,31.677759332932297
2026-01-31,304364181496.0,4.26,35.937759332932295,-0.3464944800513292,31.677759332932297
2026-02-01,303754017728.0,4.26,35.937759332932295,-0.20047160773023487,31.677759332932297
2026-02-02,304080869681.0,4.29,38.241939162606336,0.10760415794488498,33.95193916260634
2026-02-03,304321740691.0,4.28,38.7461605126515,0.07921281277993852,34.4661605126515
2026-02-04,304546421053.0,4.29,39.33842025288256,0.07382987541075803,35.04842025288256
2026-02-05,304611706598.0,4.21,36.473292396135854,0.021436976594335633,32.26329239613585
2026-02-06,303897405142.0,4.22,39.48316831501722,-0.23449573359394238,35.26316831501722
2026-02-07,304238765262.0,4.22,39.48316831501722,0.11232742176277011,35.26316831501722
2026-02-08,304780699505.0,4.22,39.48316831501722,0.17812793926286208,35.26316831501722
2026-02-09,305978440965.0,4.22,40.94451598790051,0.3929846810986737,36.72451598790051
2026-02-10,305696913148.0,4.16,39.30097221538342,-0.09200903701322982,35.140972215383414
2026-02-11,305274802454.0,4.18,40.040381579311344,-0.13808143813203166,35.860381579311344
2026-02-12,305171069519.0,4.09,38.06564855362646,-0.03398018249987089,33.975648553626456
2026-02-13,304960208545.0,4.04,36.989349678792685,-0.06909599076097006,32.949349678792686
2026-02-14,305831313145.0,4.04,36.989349678792685,0.28564533194548325,32.949349678792686
2026-02-15,305940642927.0,4.04,36.989349678792685,0.03574839373892136,32.949349678792686
2026-02-16,306080924594.0,4.04,39.06007889036653,0.04585257638798357,35.020078890366534
2026-02-17,306313886193.0,4.05,37.33866986258736,0.07611111319956176,33.28866986258736
2026-02-18,305928354091.0,4.09,38.27445416756324,-0.1258617775353077,34.184454167563246
2026-02-19,306185981662.0,4.08,38.95303293620012,0.08421173374579816,34.87303293620012
2026-02-20,306194378869.0,4.08,38.44124287227516,0.002742518437459651,34.36124287227516
2026-02-21,305746368463.0,4.08,38.44124287227516,-0.14631568602102574,34.36124287227516
2026-02-22,305676667628.0,4.08,38.44124287227516,-0.022796946158476494,34.36124287227516
2026-02-23,306838139296.0,4.03,35.62104930972138,0.37996739398293844,31.591049309721377
2026-02-24,306646051361.0,4.04,40.29796398252877,-0.06260236600336144,36.25796398252877
2026-02-25,306889263532.0,4.05,37.99475778848063,0.07931364839708355,33.94475778848063
2026-02-26,307519496151.0,4.02,37.23127483249433,0.2053615730138736,33.211274832494325
2026-02-27,307024006277.0,3.97,39.38819656676924,-0.16112470272672264,35.41819656676924
2026-02-28,307311314610.0,3.97,39.38819656676924,0.09357845872832726,35.41819656676924
2026-03-01,307603172429.0,3.97,39.38819656676924,0.09497138736020982,35.41819656676924
2026-03-02,307221371341.0,4.05,38.5274813729532,-0.12412131025343331,34.4774813729532
2026-03-03,308327969928.0,4.06,37.68649431233071,0.3601958360415436,33.626494312330706
2026-03-04,308582242430.0,4.09,38.06285700084527,0.08246819192543331,33.972857000845266
2026-03-05,309533011261.0,4.13,36.24889605123287,0.3081087309214414,32.118896051232866
2026-03-06,310568025020.0,4.15,37.76271062503415,0.33437911994700364,33.612710625034154
2026-03-07,310751427889.0,4.15,37.76271062503415,0.059054008856262996,33.612710625034154
2026-03-08,310772525571.0,4.15,37.76271062503415,0.0067892470014818684,33.612710625034154
2026-03-09,310931795185.0,4.12,38.94754527295723,0.05124957996442969,34.82754527295723
2026-03-10,311967750925.0,4.15,39.686812526042345,0.3331778081375081,35.53681252604235
2026-03-11,312282784885.0,4.21,37.58752039126289,0.10098286090978181,33.37752039126289
2026-03-12,312592954483.0,4.27,37.92793417589131,0.09932330983732918,33.65793417589131
2026-03-13,313216665638.0,4.28,38.773089208707866,0.19952821906417118,34.493089208707865
2026-03-14,313674688795.0,4.28,38.773089208707866,0.14623205188237787,34.493089208707865
2026-03-15,313630124596.0,4.28,38.773089208707866,-0.014207138985677936,34.493089208707865
2026-03-16,313599619287.0,4.23,40.21093585447852,-0.009726523891573358,35.98093585447852
2026-03-17,313665530287.0,4.2,38.86295499602789,0.021017563780811876,34.662954996027885
2026-03-18,313799968208.0,4.26,37.516639439555625,0.04286027886997168,33.25663943955563
2026-03-19,313333859587.0,4.25,38.37341822224514,-0.14853686049166592,34.12341822224514
2026-03-20,313677792409.0,4.39,38.03383308866415,0.10976560990034745,33.64383308866415
2026-03-21,313842589982.0,4.39,38.03383308866415,0.05253721397819877,33.64383308866415
2026-03-22,313841743583.0,4.39,38.03383308866415,-0.000269689018317365,33.64383308866415
2026-03-23,313806377050.0,4.34,38.09480298027184,-0.011268906613959295,33.75480298027183
2026-03-24,313242913604.0,4.39,40.86405448638981,-0.17955767862238847,36.47405448638981
2026-03-25,313364079656.0,4.33,37.60433093270567,0.03868117896297374,33.27433093270567
2026-03-26,313476621299.0,4.42,39.0523378496188,0.03591402151885692,34.6323378496188
2026-03-27,312983328639.0,4.44,41.64497217446784,-0.1573618657607967,37.20497217446784
2026-03-28,312842356158.0,4.44,41.64497217446784,-0.04504153036297698,37.20497217446784
2026-03-29,312768581170.0,4.44,41.64497217446784,-0.023582160966317822,37.20497217446784
2026-03-30,312894474600.0,4.35,38.62526841709956,0.040251303225224966,34.27526841709956
2026-03-31,313170485799.0,4.3,38.547879105015696,0.08821223172854609,34.2478791050157
2026-04-01,313936912652.0,4.33,40.83013195445464,0.2447315081574697,36.500131954454645
2026-04-02,314163658962.0,4.31,39.55684513024648,0.07222671207554043,35.24684513024648
2026-04-03,314436464431.0,4.35,37.19573717649551,0.08683546337007186,32.84573717649551
2026-04-04,314835669426.0,4.35,37.19573717649551,0.12695887409954754,32.84573717649551
2026-04-05,314762562027.0,4.35,37.19573717649551,-0.02322081202974502,32.84573717649551
2026-04-06,314778032679.0,4.34,37.47602890365879,0.004915022898654975,33.1360289036588
2026-04-07,314297465901.0,4.33,37.76858597392979,-0.15266846098185294,33.43858597392979
2026-04-08,315000454667.0,4.29,38.31271949487443,0.2236698803742332,34.02271949487443
2026-04-09,315025048716.0,4.29,38.55010140016615,0.007807623333744296,34.26010140016615
2026-04-10,315441105957.0,4.31,39.39993842367296,0.13207116154596577,35.089938423672955
2026-04-11,316150489820.0,4.31,39.39993842367296,0.22488630987005376,35.089938423672955
2026-04-12,316231256277.0,4.31,39.39993842367296,0.025546839116397102,35.089938423672955
2026-04-13,316326120350.0,4.3,39.28857004461266,0.02999832278340886,34.988570044612665
2026-04-14,316465721743.0,4.26,37.59930844860517,0.04413211050846577,33.33930844860517
2026-04-15,317511375242.0,4.29,37.75889707829701,0.3304160378700294,33.46889707829701
2026-04-16,317557894914.0,4.32,38.636344782022974,0.014651340275451119,34.31634478202297
2026-04-17,318060241864.0,4.26,42.64845688802536,0.15819066634639167,38.38845688802536
2026-04-18,318903438024.0,4.26,42.64845688802536,0.26510580356049473,38.38845688802536
2026-04-19,319068967627.0,4.26,42.64845688802536,0.05190586969701094,38.38845688802536
2026-04-20,318145348571.0,4.26,37.83979292257039,-0.2894731702895448,33.57979292257039
2026-04-21,318203061257.0,4.3,36.64598306795834,0.018140351967810275,32.34598306795834
2026-04-22,318925512394.0,4.3,39.52675009656041,0.22704091348024757,35.226750096560416
2026-04-23,318532544321.0,4.34,39.37115468555309,-0.12321625512182743,35.03115468555309
2026-04-24,318264839250.0,4.31,39.44519534820796,-0.08404324009361197,35.13519534820796
2026-04-25,318090708254.0,4.31,39.44519534820796,-0.054712608659612805,35.13519534820796
2026-04-26,318197287628.0,4.31,39.44519534820796,0.03350596896873892,35.13519534820796
2026-04-27,318179043089.0,4.35,40.08230925591428,-0.005733719207978716,35.73230925591428
2026-04-28,317963997628.0,4.36,37.25579034252502,-0.06758630578314051,32.89579034252502
2026-04-29,318094222624.0,4.42,36.86819871148364,0.040955893425498324,32.44819871148364
2026-04-30,317297326439.0,4.4,38.34049921976933,-0.25052205551747697,33.94049921976933
2026-05-01,317984250383.0,4.39,39.25106586503453,0.21649219415407206,34.86106586503453
2026-05-02,318213568649.0,4.39,39.25106586503453,0.07211623397189726,34.86106586503453
2026-05-03,318282689565.0,4.39,39.25106586503453,0.021721548924968914,34.86106586503453
2026-05-04,318625653870.0,4.45,40.22206612290777,0.10775462073313591,35.772066122907766
2026-05-05,319158807111.0,4.43,39.12471726596785,0.16732903786131903,34.69471726596785
2026-05-06,320048955023.0,4.36,38.29367341735117,0.27890438620745694,33.93367341735117
2026-05-07,320318535922.0,4.41,37.72376397560752,0.08423114488238514,33.313763975607515
2026-05-08,320580511551.0,4.38,39.07988049411549,0.08178597228096773,34.69988049411549
2026-05-09,319224960721.0,4.38,39.07988049411549,-0.4228425562869398,34.69988049411549
2026-05-10,319962236474.0,4.38,39.07988049411549,0.2309580526957511,34.69988049411549
2026-05-11,320244557993.0,4.42,37.70005489321954,0.08823588749446998,33.280054893219535
2026-05-12,320452357591.0,4.46,39.04600233736123,0.06488778429283304,34.58600233736123
2026-05-13,320207244206.0,4.46,38.62583603008424,-0.07648980548704554,34.165836030084236
2026-05-14,319777082017.0,4.47,40.323797918699896,-0.134338681208368,35.8537979186999
2026-05-15,319893061516.0,4.59,38.54923687801067,0.03626885900278598,33.95923687801067
2026-05-16,320573242931.0,4.59,38.54923687801067,0.21262774871595447,33.95923687801067
2026-05-17,320869531836.0,4.59,38.54923687801067,0.09242471464274704,33.95923687801067
2026-05-18,320771166041.0,4.61,38.26671695627723,-0.03065600976108751,33.65671695627723
2026-05-19,320526923818.0,4.67,37.17990896486682,-0.0761422000656986,32.50990896486682
2026-05-20,320016587314.0,4.57,39.22462961901592,-0.15921798328859538,34.65462961901592
2026-05-21,319515611314.0,4.57,39.26256295027434,-0.15654688533642824,34.692562950274336
2026-05-22,320278677461.0,4.56,39.788380276964816,0.23881967577794594,35.22838027696481
2026-05-23,320342139219.0,4.56,39.788380276964816,0.0198145435416075,35.22838027696481
2026-05-24,320278897788.0,4.56,39.788380276964816,-0.01974183950765873,35.22838027696481
2026-05-25,320015527739.0,4.56,38.14112018230368,-0.08223147101447115,33.58112018230368
2026-05-26,320169136872.0,4.5,39.04595691178971,0.04800052487619055,34.54595691178971
2026-05-27,319828193570.0,4.48,38.30080577169247,-0.10648849708968511,33.82080577169246
2026-05-28,319212213859.0,4.45,40.26761085569282,-0.1925970641062924,35.81761085569282
2026-05-29,318262731668.0,4.45,37.9005357578098,-0.29744544531099537,33.450535757809796
2026-05-30,317829817201.0,4.45,37.9005357578098,-0.13602424158528637,33.450535757809796
2026-05-31,317595249365.0,4.45,37.9005357578098,-0.07380296728158875,33.450535757809796
2026-06-01,317385185706.0,4.47,38.930545817414135,-0.06614193991251183,34.460545817414136
2026-06-02,317385503661.0,4.46,38.032285731735776,0.00010017953400165425,33.572285731735775
2026-06-03,316700365315.0,4.49,40.12538430692581,-0.21586945153354575,35.63538430692581
2026-06-04,315966148155.0,4.47,37.953470510674855,-0.23183337956359518,33.483470510674856
2026-06-05,314653438925.0,4.55,39.845659172713866,-0.41545881977079757,35.29565917271387
2026-06-06,314085491653.0,4.55,39.845659172713866,-0.18049930550270155,35.29565917271387
2026-06-07,313614178479.0,4.55,39.845659172713866,-0.15005888094974384,35.29565917271387
2026-06-08,313741131602.0,4.56,38.05356962915254,0.040480670745091096,33.49356962915254
2026-06-09,314197547302.0,4.53,38.995491820868565,0.14547525141810347,34.465491820868564
2026-06-10,313220496690.0,4.55,37.58678535740778,-0.3109669761555689,33.03678535740778
2026-06-11,313127388561.0,4.45,39.38336589029205,-0.02972606517898102,34.933365890292045
2026-06-12,312983506664.0,4.48,37.412058864327896,-0.04594995591450379,32.9320588643279
2026-06-13,312589097831.0,4.48,37.412058864327896,-0.1260158521462995,32.9320588643279
2026-06-14,312647643357.0,4.48,37.412058864327896,0.018729228372404982,32.9320588643279
2026-06-15,312549837466.0,4.47,36.136513166515485,-0.03128310514348698,31.666513166515486
2026-06-16,313001115638.0,4.43,40.01300612748752,0.14438598837829275,35.58300612748752
2026-06-17,312879379112.0,4.49,37.12642564427628,-0.03889332015697411,32.63642564427628
2026-06-18,312533566610.0,4.46,38.50911728899506,-0.11052582083915796,34.049117288995056
2026-06-19,312708910963.0,4.46,37.24310176600353,0.05610416663461848,32.783101766003526
2026-06-20,312737430016.0,4.46,37.24310176600353,0.009120000102380565,32.783101766003526
2026-06-21,312796350957.0,4.46,37.24310176600353,0.018840386645435636,32.783101766003526
2026-06-22,312864922392.0,4.51,40.639417252418895,0.021922069995450322,36.1294172524189
2026-06-23,312899232529.0,4.5,40.33725528608684,0.010966437764148296,35.83725528608684
2026-06-24,312266306496.0,4.41,37.50108069804237,-0.20227791160891684,33.091080698042376
2026-06-25,311901110370.0,4.4,37.96979351816103,-0.11695021793991511,33.569793518161035
2026-06-26,312009003058.0,4.38,38.74882224128959,0.034591953799711916,34.368822241289585
2026-06-27,310598993822.0,4.38,38.74882224128959,-0.4519129967983315,34.368822241289585
2026-06-28,310593069864.0,4.38,38.74882224128959,-0.001907268895851022,34.368822241289585
2026-06-29,310252129042.0,4.38,40.1216208365058,-0.10977090446651072,35.741620836505795
2026-06-30,309582693182.0,4.44,37.19515351317393,-0.2157715603973709,32.75515351317393
2026-07-01,308836886461.0,4.48,38.71993493787806,-0.2409071105798355,34.23993493787806
2026-07-02,308981113751.0,4.49,38.5157751520423,0.046700150248479844,34.0257751520423
2026-07-03,308769351269.0,4.49,38.72162935668255,-0.06853573651451894,34.23162935668255
2026-07-04,308612218184.0,4.49,38.72162935668255,-0.0508901172846965,34.23162935668255
2026-07-05,308517464362.0,4.49,38.72162935668255,-0.03070319851805614,34.23162935668255
2026-07-06,309508945312.0,4.48,40.33123421775575,0.3213694732161487,35.851234217755746
2026-07-07,309044994131.0,4.55,39.12252672653479,-0.14989911859649707,34.57252672653479
2026-07-08,308343758088.0,4.56,37.61642677369551,-0.2269041907544178,33.056426773695506
2026-07-09,308347570022.0,4.54,39.00212522235254,0.0012362611209182361,34.46212522235254
2026-07-10,309233489619.0,4.56,36.72309867002161,0.28731200863258977,32.16309867002161
2026-07-11,309607715758.0,4.56,36.72309867002161,0.12101733853635555,32.16309867002161
2026-07-12,309535444717.0,4.56,36.72309867002161,-0.0233427777544426,32.16309867002161
2026-07-13,309277318391.0,4.62,38.023269587242815,-0.08339152442977671,33.40326958724282
2026-07-14,308016832196.0,4.58,38.17805181509304,-0.40755856315543015,33.598051815093044
2026-07-15,308292430608.0,4.55,38.2544793693416,0.08947511408228248,33.704479369341605
2026-07-16,307582837211.0,4.57,37.15146639597521,-0.23016893265934701,32.58146639597521
2026-07-17,307810254260.0,4.55,38.93629793393717,0.07393684610692564,34.38629793393717
2026-07-18,308064542359.0,4.55,38.93629793393717,0.08261196483245747,34.38629793393717
2026-07-19,308110717673.0,4.55,38.93629793393717,0.014988844105978671,34.38629793393717
2026-07-20,307939739858.0,4.6,34.498265324802034,-0.05549232960518902,29.898265324802033
2026-07-21,307693005547.0,4.63,36.72921498118927,-0.08012421882078735,32.09921498118927
2026-07-22,307878873214.0,4.67,38.93356387425459,0.06040685477057828,34.26356387425459
2026-07-23,307512780542.0,4.71,38.88983329269031,-0.11890801995547706,34.17983329269031
2026-07-24,308352893456.0,4.69,37.97982413827186,0.27319609692946223,33.28982413827186
2026-07-25,308389063212.0,4.69,37.97982413827186,0.011729987545971987,33.28982413827186
2026-07-26,308223755032.0,4.69,37.97982413827186,-0.053603775139832166,33.28982413827186
2026-07-27,307824354205.0,4.65,37.7635105419979,-0.12958145518620068,33.113510541997904
2026-07-28,306725454476.0,4.61,41.290159013712646,-0.35698920958936453,36.68015901371265
2026-07-29,306392609446.0,4.67,38.28779822487986,-0.10851562044911223,33.617798224879856
2026-07-30,306126746930.0,4.68,37.63643623653234,-0.08677184364228596,32.95643623653234
2026-07-31,305374331907.0,4.75,38.8491484049332,-0.245785456692571,34.0991484049332
2026-08-01,305400766678.0,4.75,38.8491484049332,0.00865651374000187,34.0991484049332
2026-08-02,305311820510.0,4.75,38.8491484049332,-0.029124408876735064,34.0991484049332
2026-08-03,305201591093.0,4.7,38.78059394953078,-0.036103881210980404,34.08059394953078
2026-08-04,305460774720.0,4.63,38.399939874321895,0.08492210871895445,33.76993987432189
2026-08-05,305659303403.0,4.63,38.0075036032118,0.06499318388162312,33.3775036032118
2026-08-06,305826696016.0,4.69,39.31898621121756,0.05476444235015254,34.628986211217565
2026-08-07,305971430710.0,4.65,39.15294872125143,0.0473257226675905,34.50294872125143
2026-08-08,306008417583.0,4.65,39.15294872125143,0.012088342010940778,34.50294872125143
2026-08-09,306005150228.0,4.65,39.15294872125143,-0.0010677337002107379,34.50294872125143
2026-08-10,306077939952.0,4.72,38.24457941985251,0.023787091147253747,33.524579419852515
2026-08-11,305161605825.0,4.7,37.33963841036623,-0.29937934342595396,32.639638410366224
2026-08-12,306101952541.0,4.68,38.52415762579688,0.3081471253429058,33.84415762579688
2026-08-13,306202532002.0,4.63,40.39699413447383,0.03285815727900321,35.766994134473826
2026-08-14,306104250970.0,4.68,37.37498623695553,-0.0320967404669803,32.69498623695553
2026-08-15,306260300542.0,4.68,37.37498623695553,0.05097922407333311,32.69498623695553
2026-08-16,306165718824.0,4.68,37.37498623695553,-0.03088278756098184,32.69498623695553
2026-08-17,306166992697.0,4.72,39.83727336180648,0.00041607303551405295,35.11727336180648
2026-08-18,306273331094.0,4.71,38.77312424450643,0.0347321558288316,34.063124244506426
2026-08-19,306249000253.0,4.65,39.32799295955343,-0.007944159196981992,34.67799295955343
2026-08-20,306942863179.0,4.69,37.90499610201382,0.22656822566826662,33.21499610201382
2026-08-21,307921320934.0,4.74,37.99361939110568,0.31877520945302606,33.25361939110568
2026-08-22,308186279650.0,4.74,37.99361939110568,0.08604753811665145,33.25361939110568
2026-08-23,308304463016.0,4.74,37.99361939110568,0.03834802968327722,33.25361939110568
2026-08-24,308389556675.0,4.7,36.99192118641977,0.027600527792426277,32.29192118641977
2026-08-25,308519546397.0,4.64,38.13768802916863,0.04215114266563624,33.49768802916863
2026-08-26,308799470975.0,4.66,39.69714886200462,0.0907315537278075,35.037148862004614
2026-08-27,309150192245.0,4.67,38.143846258323904,0.11357573537695842,33.4738462583239
2026-08-28,309217019097.0,4.73,39.75847289030988,0.02161630614385679,35.028472890309885
2026-08-29,308820838703.0,4.73,39.75847289030988,-0.12812373496030594,35.028472890309885
2026-08-30,308719080122.0,4.73,39.75847289030988,-0.03295068474892249,35.028472890309885
2026-08-31,308858424753.0,4.75,37.7662070388758,0.04513638449068491,33.0162070388758
2026-09-01,308794631819.0,4.79,39.68046804465244,-0.02065442574571419,34.890468044652444
2026-09-02,308765854511.0,4.79,39.87929861616082,-0.009319238430560706,35.08929861616082
2026-09-03,309132090563.0,4.77,35.764779489579695,0.1186128733632108,30.994779489579695
2026-09-04,310176018492.0,4.78,38.25976180706513,0.3376963960935786,33.47976180706513
2026-09-05,310363903537.0,4.78,38.25976180706513,0.06057368519767348,33.47976180706513
2026-09-06,310429008257.0,4.78,38.25976180706513,0.020976898169555724,33.47976180706513
2026-09-07,310455695432.0,4.78,37.218047263322255,0.00859686894270073,32.438047263322254
2026-09-08,310322268561.0,4.8,39.005471444272665,-0.042977749470607396,34.20547144427267
2026-09-09,310558010979.0,4.83,38.79318965890471,0.07596696785350243,33.96318965890471
2026-09-10,310403478758.0,4.95,36.80054528387212,-0.04975953462377225,31.85054528387212
2026-09-11,310047720998.0,4.96,38.34167368079225,-0.11461139592361391,33.38167368079225
2026-09-12,310233104938.0,4.96,38.34167368079225,0.0597920666545404,33.38167368079225
2026-09-13,310213510596.0,4.96,38.34167368079225,-0.00631600615411676,33.38167368079225
2026-09-14,310099755482.0,4.97,37.61510587699132,-0.03666994186728445,32.64510587699132
2026-09-15,310277952796.0,5.0,38.95571492411159,0.05746451290262744,33.95571492411159
2026-09-16,309509910054.0,5.0,37.80678889657237,-0.24753377901296503,32.80678889657237
2026-09-17,309475039891.57,5.0,37.413481293326,-0.011266250707098191,32.413481293326
2026-09-18,309475039891.57,5.0,36.21170755316089,0.0,31.211707553160892
